<?xml version="1.0" encoding="UTF-8"?>

<!-- * PopulateDatabase.xml * * Copyright (C) 2017 Universidad de Sevilla 
	* * The use of this project is hereby constrained to the conditions of the 
	* TDG Licence, a copy of which you may download from * http://www.tdg-seville.info/License.html -->

<beans xmlns="http://www.springframework.org/schema/beans"
	xmlns:xsi="http://www.w3.org/2001/XMLSchema-instance"
	xsi:schemaLocation="
		http://www.springframework.org/schema/beans http://www.springframework.org/schema/beans/spring-beans.xsd
	">

	<!-- User accounts -->

	<bean id="userAccount1" class="security.UserAccount">
		<property name="username" value="admin" />
		<property name="password" value="21232f297a57a5a743894a0e4a801fc3" />
		<property name="authorities">
			<list>
				<bean class="security.Authority">
					<property name="authority" value="ADMIN" />
				</bean>
			</list>
		</property>
	</bean>

	<bean id="userAccount2" class="security.UserAccount">
		<property name="username" value="user1" />
		<property name="password" value="24c9e15e52afc47c225b757e7bee1f9d" />
		<property name="authorities">
			<list>
				<bean class="security.Authority">
					<property name="authority" value="USER" />
				</bean>
			</list>
		</property>
	</bean>

	<bean id="userAccount3" class="security.UserAccount">
		<property name="username" value="user2" />
		<property name="password" value="7e58d63b60197ceb55a1c487989a3720" />
		<property name="authorities">
			<list>
				<bean class="security.Authority">
					<property name="authority" value="USER" />
				</bean>
				
			</list>
		</property>
	</bean>

	<!-- Other domain beans come here -->


	<!-- Rendezvous -->
	<bean id="rendezvous1" class="domain.Rendezvous">
		<property name="name" value="Reunión trimestral" />
		<property name="description" value="Reunión trimestral para ponerse al día" />
		<property name="moment" value="2018/05/23 23:59" />
		<property name="picture" value="http://www.google.com/pictures" />
		<property name="locationLatitude" value="23.5" />
		<property name="locationLongitude" value="47.3" />
		<property name="flag" value="ACTIVE" />
		
		<property name="announcements">
			<list>
				<ref bean="announcement1" />
			</list>
		</property>
		
		<property name="rendezvouses">
			<list>
				<ref bean="rendezvous2" />
			</list>
		</property>
		
		<property name="comments">
			<list>
				<ref bean="comment1" />
			</list>
		</property>
		<property name="creator" ref="user1" />
		
		<property name="attendants">
			<list>
				<ref bean="user1" />
			</list>
		</property>
	</bean>


	<bean id="rendezvous2" class="domain.Rendezvous">
		<property name="name" value="Rendezvous 2" />
		<property name="description" value="Description rendezvous 2" />
		<property name="moment" value="2018/06/30 20:30" />
		<property name="picture" value="http://www.google.com/pictures" />
		<property name="locationLatitude" value="20.5" />
		<property name="locationLongitude" value="70.0" />
		<property name="flag" value="PASSED" />
		
		<property name="announcements">
			<list>
				<ref bean="announcement2" />
				<ref bean="announcement3" />
			</list>
		</property>
		
		<property name="rendezvouses">
			<list>
			</list>
		</property>

		<property name="comments">
			<list>
				<ref bean="comment2" />
			</list>
		</property>
		<property name="creator" ref="user2" />
		<property name="attendants">
			<list>
			    <ref bean="user1" />
				<ref bean="user2" />
			</list>
		</property>
	</bean>



	<!-- Administrator -->
	<bean id="administrator1" class="domain.Administrator">
		<property name="name" value="Fabián" />
		<property name="surname" value="García" />
		<property name="postalAddress" value="43089" />
		<property name="phoneNumber" value="658478521" />
		<property name="email" value="fabgar@gmail.com" />
		<property name="userAccount" ref="userAccount1" />
		<property name="adult" value="true" />
	</bean>


	<!-- User -->
	<bean id="user1" class="domain.User">
		<property name="name" value="Carlos" />
		<property name="surname" value="Fernández" />
		<property name="postalAddress" value="30479" />
		<property name="phoneNumber" value="636985147" />
		<property name="email" value="carfer@gmail.com" />
		<property name="userAccount" ref="userAccount2" />
		<property name="adult" value="true" />
		
		<property name="replies">
			<list>
				<ref bean="reply1" />
			</list>
		</property>

		<property name="attendances">
			<list>
				<ref bean="rendezvous1" />
			</list>
		</property>

		<property name="comments">
			<list>
				<ref bean="comment1" />
			</list>
		</property>
	</bean>


	<bean id="user2" class="domain.User">
		<property name="name" value="Pedro" />
		<property name="surname" value="Ruiz Penegordo" />
		<property name="postalAddress" value="45100" />
		<property name="phoneNumber" value="636456111" />
		<property name="email" value="perpe@gmail.com" />
		<property name="userAccount" ref="userAccount3" />
		<property name="adult" value="true" />
	
		<property name="replies">
			<list>
				<ref bean="reply2" />
			</list>
		</property>

		<property name="attendances">
			<list>
				<ref bean="rendezvous1" />
				<ref bean="rendezvous2" />
			</list>
		</property>

		<property name="comments">
			<list>
				<ref bean="comment2" />
			</list>
		</property>
	</bean>


	<!-- Comment -->
	<bean id="comment1" class="domain.Comment">
		<property name="text" value="Hola, que tal" />
		<property name="picture" value="http://www.google.com/pictures" />
		<property name="moment" value="2018/05/25 23:59" />
		<property name="replies">
			<list>
				<ref bean="reply1" />
			</list>
		</property>
	</bean>

	<bean id="comment2" class="domain.Comment">
		<property name="text" value="Comentario 2" />
		<property name="picture" value="http://www.google.com/pictures" />
		<property name="moment" value="2018/05/15 14:00" />
		<property name="replies">
			<list>
				<ref bean="reply2" />
			</list>
		</property>
	</bean>


	<!-- Replies -->
	<bean id="reply1" class="domain.Reply">
		<property name="text" value="No me parece correcto" />
		<property name="moment" value="2018/05/26 15:30" />
	</bean>

	<bean id="reply2" class="domain.Reply">
		<property name="text" value="Ok" />
		<property name="moment" value="2018/05/15 19:30" />
	</bean>



	<!-- Question -->
	<bean id="question1" class="domain.Question">
		<property name="questionToAnswer" value="¿Qué te parece el fútbol?" />
		<property name="answers">
			<list>
				<ref bean="answer1" />
			</list>
		</property>
		<property name="creator" ref="user1" />
		
		
		<property name="rendezvous" ref="rendezvous1" />
	</bean>


	<bean id="question2" class="domain.Question">
		<property name="questionToAnswer" value="¿Te gusta Belén Esteban?" />
		<property name="answers">
			<list>
				<ref bean="answer2" />
			</list>
		</property>
		<property name="creator" ref="user2" />
		
		<property name="rendezvous" ref="rendezvous2" />
	</bean>


	<!-- Answer -->
	<bean id="answer1" class="domain.Answer">
		<property name="written" value="Me encanta" />
		<property name="answerer" ref="user2" />
	</bean>


	<bean id="answer2" class="domain.Answer">
		<property name="written" value="La adoro" />
		<property name="answerer" ref="user1" />
	</bean>


	<!-- Announcements -->
	<bean id="announcement1" class="domain.Announcement">
		<property name="moment" value="2018/05/10 18:00" />
		<property name="title" value="announcement1" />
		<property name="description" value="description1" />
	</bean>

	<bean id="announcement2" class="domain.Announcement">
		<property name="moment" value="2018/05/10 20:00" />
		<property name="title" value="announcement2" />
		<property name="description" value="description2" />
	</bean>

	<bean id="announcement3" class="domain.Announcement">
		<property name="moment" value="2018/05/15 19:00" />
		<property name="title" value="announcement3" />
		<property name="description" value="description3" />
	</bean>


</beans>